acc_x, acc_y, angular_z, stamp, 
-0.017654478549957275, -0.021024346351623535, -1.464191469847858e-10, 1791228424210568926, 
0.007758021354675293, 0.007665157318115234, -1.4848082483015592e-06, 1791228424250715272, 
0.004384279251098633, 0.028916776180267334, -1.9950679711718292e-06, 1791228424280592252, 
-0.016826093196868896, -0.007099628448486328, -3.5319690743543647e-11, 1791228424310622398, 
0.019342541694641113, 0.0053334832191467285, 1.997466347689809e-11, 1791228424339670756, 
0.02130270004272461, -0.005543828010559082, 5.899637826857592e-11, 1791228424369660203, 
-0.003928422927856445, -0.009477555751800537, 5.913885650320373e-11, 1791228424400708071, 
-0.016291797161102295, 0.017766892910003662, 8.096818131112666e-11, 1791228424431796090, 
-0.026856064796447754, -0.0002574920654296875, 1.1562084232285992e-10, 1791228424464465626, 
0.018234074115753174, -0.0059337615966796875, 2.3751811498638114e-10, 1791228424490919215, 
0.030689656734466553, 0.009922444820404053, 2.2118809566510026e-10, 1791228424520893507, 
-0.030315697193145752, -0.011183619499206543, 1.7740821404528206e-10, 1791228424550956853, 
-0.014133036136627197, -0.014940321445465088, 1.7569657304890297e-10, 1791228424581107409, 
0.011165618896484375, 0.013744354248046875, 2.1525876863261026e-10, 1791228424611385935, 
0.00911259651184082, -0.001025378704071045, 1.9619320690291479e-10, 1791228424641445357, 
-0.010819017887115479, -0.015169739723205566, 9.525298798810225e-11, 1791228424671748523, 
-0.052372515201568604, 0.014891266822814941, 2.5941352007511968e-11, 1791228424704035710, 
-0.003643035888671875, 0.009609103202819824, 8.371144346911108e-11, 1791228424731449308, 
0.041327595710754395, -0.011960387229919434, 1.1592841771631233e-10, 1791228424761413687, 
0.02640843391418457, -0.03745830059051514, -3.3609108945211924e-12, 1791228424791516535, 
-0.02959495782852173, -0.00669020414352417, -1.4312813477677416e-10, 1791228424821580713, 
-0.017006874084472656, 0.004601240158081055, -1.4822904082597955e-10, 1791228424850646434, 
0.02785336971282959, 0.006440937519073486, -1.0911629893646614e-10, 1791228424881790069, 
0.007901310920715332, -0.02738213539123535, -1.947096070880352e-06, 1791228424912404199, 
0.00939851999282837, -0.0074083805084228516, -1.9002979781425952e-06, 1791228424943772045, 
0.009158968925476074, 0.028425931930541992, -1.979352984785053e-06, 1791228424973886153, 
0.0020415186882019043, 0.01785510778427124, -2.1231385635845026e-06, 1791228425001960632, 
0.032198965549468994, -0.009493410587310791, -1.9811363392789e-06, 1791228425032047808, 
-0.01291877031326294, -0.005706906318664551, -1.9816412452625627e-06, 1791228425062127526, 
-0.036264777183532715, 0.01777714490890503, -1.978788318958155e-06, 1791228425092249581, 
-0.021511614322662354, 0.02675497531890869, -1.983895159735304e-06, 1791228425122293390, 
0.041820406913757324, 0.001829385757446289, 7.339106613773137e-12, 1791228425152358172, 
0.0362931489944458, -0.0020622611045837402, 2.041698778568734e-12, 1791228425183836582, 
-0.03520822525024414, 0.004048287868499756, 1.4488743021961343e-11, 1791228425215797856, 
-0.03315228223800659, 0.012716233730316162, 1.0466100538047111e-11, 1791228425242565671, 
0.05164211988449097, -0.007333278656005859, -1.691379206888357e-11, 1791228425272580165, 
0.028514444828033447, -0.0067250728607177734, -1.9077098092920202e-11, 1791228425301714989, 
-0.036421358585357666, -0.0036547183990478516, -1.3389961791083507e-11, 1791228425332866182, 
-0.03226250410079956, -0.008672118186950684, -5.4055649574629797e-11, 1791228425362878467, 
0.02397143840789795, -0.006678342819213867, -8.550554250240099e-11, 1791228425392910262, 
0.038208067417144775, -0.01975637674331665, -6.94237186863612e-11, 1791228425424424891, 
-0.008511006832122803, -0.024760127067565918, -5.951056482435884e-11, 1791228425455817513, 
-0.019092082977294922, 0.02738875150680542, -1.2504026966363362e-10, 1791228425483079371, 
-0.027540981769561768, 0.021913647651672363, -1.0004930454045945e-10, 1791228425512118807, 
0.0373191237449646, -0.014559388160705566, 7.940332880350983e-11, 1791228425543206564, 
0.004582881927490234, -0.006136476993560791, 2.0086094724660038e-10, 1791228425573341743, 
-0.05833792686462402, 0.006846606731414795, 1.9847889240820907e-06, 1791228425603375211, 
-0.020532190799713135, 0.004861950874328613, 2.0009429771682414e-10, 1791228425633713162, 
0.04390525817871094, 0.006110072135925293, 2.3775255292404e-10, 1791228425663842696, 
0.005735516548156738, 0.0008193850517272949, 1.8468371212544014e-06, 1791228425696119132, 
-0.044722795486450195, 0.013728082180023193, 7.607585699493861e-11, 1791228425723631106, 
-0.017809033393859863, -0.013763129711151123, 6.995186079599168e-11, 1791228425752640469, 
0.030839979648590088, -0.009900331497192383, 9.093526501198815e-11, 1791228425783722246, 
0.01610010862350464, -0.0026622414588928223, 3.733348519276281e-11, 1791228425813790107, 
-0.039949119091033936, -0.004604458808898926, -2.980731888509024e-11, 1791228425843825234, 
-0.021624624729156494, 0.02647078037261963, -1.6282394602466168e-11, 1791228425873999147, 
0.017944157123565674, 0.01517254114151001, 1.710923453542206e-11, 1791228425904001881, 
0.017885982990264893, 0.0009018778800964355, 1.429170016254616e-11, 1791228425936242104, 
-0.023721933364868164, -0.020869314670562744, -3.998463567327737e-11, 1791228425965963015, 
-0.03572738170623779, 0.02253502607345581, 8.996275066708014e-13, 1791228426004193840, 
0.03990370035171509, 0.025285065174102783, 1.0569078183183103e-10, 1791228426034307965, 
0.041803836822509766, -0.012304306030273438, 1.8055817833961543e-10, 1791228426064424069, 
-0.008676528930664062, 0.00041115283966064453, 1.1119824770267754e-10, 1791228426096008702, 
-0.022942006587982178, 0.0074364542961120605, 9.885645783553963e-11, 1791228426126660823, 
-0.009944558143615723, 0.02559572458267212, 1.8320624464517173e-10, 1791228426154541888, 
0.04726076126098633, -0.01814335584640503, 2.2104469109614775e-10, 1791228426184631046, 
-0.017754435539245605, -0.027153491973876953, 1.1407546044989658e-10, 1791228426214679620, 
-0.05897092819213867, -0.023111939430236816, 5.8792353136725e-11, 1791228426244751564, 
0.0002645254135131836, -0.012004613876342773, 3.94800817349383e-11, 1791228426274818235, 
0.20069360733032227, -0.03515905141830444, -0.003785776949105395, 1791228426304842694, 
0.7646632790565491, -0.05189436674118042, -0.02641951125407548, 1791228426336017148, 
-0.28522223234176636, -0.2624015808105469, -0.04538475501513917, 1791228426368606142, 
0.3510526418685913, 0.44404929876327515, -0.10145902038526883, 1791228426395066377, 
-0.8740004897117615, -0.007978498935699463, 0.033304977798546735, 1791228426425116133, 
0.5881066918373108, -0.026974797248840332, 0.0463069067442114, 1791228426455180265, 
-0.37225115299224854, 0.009900152683258057, 0.014738730736667642, 1791228426485295010, 
0.1548272967338562, -0.1178128719329834, 0.017689924736504048, 1791228426515293326, 
0.10766929388046265, 0.09717464447021484, 0.027764836908767295, 1791228426545401851, 
-0.17602092027664185, -0.11394071578979492, 0.007439417284261801, 1791228426576400048, 
1.0540305376052856, -0.04028505086898804, -0.006603030361460323, 1791228426608009922, 
-0.45379096269607544, 0.09565305709838867, 0.019618952435440058, 1791228426634637385, 
0.3353438973426819, -0.1891365647315979, 0.022669265952570326, 1791228426664672445, 
0.16056102514266968, 0.10012269020080566, -0.019628972483817633, 1791228426695719774, 
0.09509694576263428, 0.0628516674041748, -0.029935022193831456, 1791228426725813791, 
0.12011337280273438, 0.02991926670074463, -0.007673300429254581, 1791228426755835043, 
-0.0327373743057251, 0.0569462776184082, 0.019895481081319142, 1791228426785916813, 
0.26005685329437256, -0.14660781621932983, 0.028347441464684278, 1791228426816116786, 
0.011806070804595947, 0.05897188186645508, 0.0069051343361535246, 1791228426847975082, 
-0.13234812021255493, -0.09716546535491943, 0.009941757743418317, 1791228426877674599, 
0.36273252964019775, -0.09054398536682129, -0.023457638611885052, 1791228426906252775, 
0.10937750339508057, 0.15735065937042236, -0.050074266671596035, 1791228426936268416, 
0.22296839952468872, -0.05681997537612915, -0.011321725728463908, 1791228426966317651, 
0.09962481260299683, 0.043161213397979736, 0.01734798433878762, 1791228426996356475, 
0.08446240425109863, -0.11629843711853027, 0.01970094303552607, 1791228427026694785, 
0.06440341472625732, 0.16520178318023682, -0.022190962428098815, 1791228427056508130, 
-0.2221224308013916, 0.030590593814849854, 0.013333154312500739, 1791228427088403553, 
0.5373772978782654, 0.014043748378753662, 0.009879955478208333, 1791228427120006997, 
-0.3075472116470337, -0.037586510181427, -0.00770939332731781, 1791228427146734655, 
-0.20004010200500488, -0.018112003803253174, -0.00556487867171523, 1791228427176756533, 
0.0332033634185791, 0.05263972282409668, 0.0021278496801890724, 1791228427206863584, 
0.09045308828353882, 0.07125633955001831, 0.00014492828004130469, 1791228427236911382, 
0.04620546102523804, -0.2346799373626709, -0.0038153590805755245, 1791228427267163740, 
0.0341571569442749, 0.19421565532684326, -0.011823992558271924, 1791228427297359532, 
-0.044877052307128906, 0.19380682706832886, -0.01419928386721077, 1791228427328493982, 
-0.009851932525634766, -0.294893741607666, -0.022678680307216245, 1791228427359996695, 
-0.3889926075935364, -0.14581459760665894, -0.008584830300529034, 1791228427387633142, 
0.30076974630355835, 0.24481791257858276, 0.005493302563453137, 1791228427417311708, 
0.008664906024932861, 0.03119194507598877, -0.008283452514459309, 1791228427447333826, 
-0.26203596591949463, -0.29813140630722046, 0.014501346291375233, 1791228427477425874, 
0.5392817854881287, 0.21424496173858643, 0.02219826438738253, 1791228427507500702, 
-0.08748292922973633, 0.1276329755783081, -0.008607914071778527, 1791228427537573857, 
-0.036834895610809326, -0.308816134929657, -0.0036709468448345925, 1791228427568027770, 
0.740475058555603, 0.20999079942703247, -0.006063782894514355, 1791228427600827519, 
-0.12662887573242188, 0.19894492626190186, -0.0586051097417076, 1791228427627880065, 
-0.15165722370147705, -0.26067864894866943, -0.027842073732003828, 1791228427657823324, 
0.36991995573043823, 0.19806241989135742, -0.0015124354549238882, 1791228427687893564, 
0.4615693688392639, -0.03945565223693848, 0.00997573828904247, 1791228427717941452, 
0.07891005277633667, -0.025464236736297607, 0.0046283687956967, 1791228427748031066, 
-0.4851200580596924, 0.04308605194091797, -0.017039069096535575, 1791228427778121073, 
0.24334663152694702, -0.31712549924850464, 0.004480866617262096, 1791228427808207636, 
-0.05100172758102417, 0.3772464394569397, -0.0025195436378074782, 1791228427840205929, 
0.34196335077285767, -0.12782007455825806, -0.017601564878538496, 1791228427871143844, 
0.1267378330230713, 0.005814015865325928, -0.013206532748399374, 1791228427898435476, 
0.17877346277236938, -0.05663532018661499, -0.006224591996492121, 1791228427928469423, 
-0.18053996562957764, 0.007475495338439941, 0.022583473808291, 1791228427958509075, 
0.07158321142196655, 0.11562937498092651, 0.009263871246873426, 1791228427988592675, 
0.3430227041244507, -0.21714693307876587, -0.00926158396917286, 1791228428017663155, 
0.17744052410125732, 0.03913611173629761, -0.01199751991214289, 1791228428048811802, 
0.2130681872367859, 0.035162150859832764, -0.0070765046223739475, 1791228428080038051, 
0.35437923669815063, 0.11665374040603638, -0.012786657293141932, 1791228428112379767, 
0.3158639669418335, -0.24293720722198486, 0.004847134997725894, 1791228428138961686, 
-0.012548565864562988, 0.05247700214385986, 0.018907362564815854, 1791228428169030309, 
0.6243440508842468, 0.174902081489563, 0.025495355323468274, 1791228428199003275, 
0.08216530084609985, -0.10133153200149536, -0.008139200325389399, 1791228428229144343, 
-0.255926251411438, 0.011570870876312256, -0.00019513511333292747, 1791228428259187860, 
0.16620177030563354, 0.09990847110748291, -0.005698628974240974, 1791228428288296333, 
0.27751511335372925, 0.10037517547607422, -0.0013534141102770091, 1791228428319989217, 
-0.24398493766784668, -0.25530457496643066, 0.011463645624846974, 1791228428351977938, 
0.09556889533996582, -0.21498721837997437, 0.002843070618993571, 1791228428379472262, 
-0.16653412580490112, 0.28548765182495117, -0.009921124023670295, 1791228428409572064, 
0.3126381039619446, -0.21133029460906982, -0.006267145241222987, 1791228428439568822, 
-0.7625225782394409, 0.25392621755599976, -0.006372385343087117, 1791228428469678248, 
-0.13199788331985474, -0.646375298500061, 0.00942431167684288, 1791228428499697566, 
-0.08539646863937378, 0.2900734543800354, 0.008182494693574878, 1791228428530818987, 
-0.037931978702545166, 0.3157252073287964, 0.010596990677741107, 1791228428560504099, 
-0.008667230606079102, -0.6098009347915649, -0.0023440149285702174, 1791228428592002506, 
0.15359258651733398, 0.5926339030265808, -0.011603640298269421, 1791228428622016902, 
-0.07198727130889893, -0.10669785737991333, -0.006151331150364744, 1791228428650613848, 
-0.20484387874603271, -0.5318174362182617, -0.007929719911211434, 1791228428680587002, 
0.47709912061691284, 0.5527991056442261, 0.02267600729418334, 1791228428710611277, 
-0.1857098937034607, -0.325134813785553, 0.0017282289718438166, 1791228428740591551, 
0.16373252868652344, -0.09266877174377441, -0.022954816737171844, 1791228428770616636, 
0.21942508220672607, 0.5966100096702576, -0.023459186108954432, 1791228428800624153, 
0.32323330640792847, -0.6013321280479431, 0.012137154796115072, 1791228428832213933, 
0.11891800165176392, 0.04312598705291748, 0.010193783772094308, 1791228428863229984, 
0.023918986320495605, 0.14831393957138062, -0.005522525888189902, 1791228428890848138, 
0.5087271928787231, -0.023945987224578857, -0.030141440919981572, 1791228428920880374, 
-0.27055424451828003, 0.006781101226806641, -0.004932612588254123, 1791228428950913390, 
-0.5116695761680603, 0.1775159239768982, 0.035603883197720704, 1791228428981157787, 
-0.15308153629302979, -0.36019349098205566, 0.03252118689001359, 1791228429011133028, 
0.006877601146697998, 0.25813955068588257, -0.016631643028493782, 1791228429041266558, 
0.22973567247390747, -0.007634639739990234, -0.012376182181204613, 1791228429072396275, 
0.549443244934082, -0.4629354476928711, 0.02689669505513867, 1791228429103945384, 
0.21209406852722168, 0.6645049452781677, 0.054983422405240893, 1791228429131152564, 
-0.036575913429260254, 0.3238220810890198, 0.012212511512309433, 1791228429161197388, 
0.0888833999633789, -0.4644572138786316, -0.0065832607790261705, 1791228429191254835, 
0.05192422866821289, -0.15103864669799805, 0.005488663489654964, 1791228429220325697, 
-0.00349271297454834, 0.06528913974761963, 0.04017314421361421, 1791228429251342281, 
0.06259667873382568, 0.2074238657951355, 0.031134606336521157, 1791228429281442775, 
-0.013940632343292236, 0.3724559545516968, -0.008222434645589543, 1791228429311997757, 
0.2655676007270813, -0.5079806447029114, -0.011699951239881339, 1791228429344053837, 
0.26548081636428833, -0.24402999877929688, 0.030139698289173355, 1791228429371730082, 
0.3779653310775757, -0.05174630880355835, 0.019115080778558235, 1791228429401718058, 
0.5514312386512756, 0.45349812507629395, -0.06072264889577641, 1791228429431771870, 
-0.49289363622665405, 0.09782731533050537, -0.023525763524955803, 1791228429461799932, 
0.45892614126205444, 0.027396857738494873, 0.018942203286582963, 1791228429491902127, 
-0.6745589971542358, 0.08642256259918213, 0.023575264120076107, 1791228429521938620, 
-0.21008062362670898, 0.011042237281799316, -0.026900895392878654, 1791228429552030133, 
-0.8247859477996826, -0.3679615259170532, -0.05759709522231171, 1791228429584419950, 
-0.6119297742843628, -0.16869962215423584, -0.008671082628936039, 1791228429614534354, 
-0.12484848499298096, 0.09089791774749756, 0.01137394780141214, 1791228429642417451, 
-0.23835766315460205, -0.07433992624282837, -0.020345059175148356, 1791228429671294807, 
0.3416346311569214, -0.1273398995399475, -0.004347926836652514, 1791228429702344257, 
0.38553065061569214, -0.047725021839141846, 0.015175355291411459, 1791228429732430264, 
0.26445865631103516, 0.3598068356513977, 0.016473870386166028, 1791228429762505527, 
-0.13626426458358765, -0.07829076051712036, -0.0010353899276490156, 1791228429792609325, 
-0.3168352246284485, 0.23354285955429077, 0.028731223665470203, 1791228429824048075, 
-0.656784176826477, -0.005735337734222412, 0.0033592813552976394, 1791228429856009832, 
-0.33170586824417114, 0.22964876890182495, -0.002731971891930792, 1791228429882867383, 
0.11995518207550049, 0.2911875247955322, 0.002856987290629714, 1791228429912857967, 
0.31988322734832764, 0.06513988971710205, 0.0047226180221665555, 1791228429942904781, 
-0.10366004705429077, 0.46778160333633423, -0.010104966532654573, 1791228429972962395, 
0.27854490280151367, -0.37819594144821167, -0.0007706742363271072, 1791228430003058353, 
0.6406546831130981, 0.26113712787628174, 0.021776488535169693, 1791228430032880765, 
0.03487676382064819, 0.4702188968658447, 0.0019818764705738655, 1791228430064343148, 
0.5089811086654663, -0.14595282077789307, -0.023013211567422545, 1791228430096451097, 
-0.01754230260848999, -0.04901778697967529, -0.010719331915066029, 1791228430123343382, 
-0.3039388656616211, -0.03368324041366577, -0.007071654805772707, 1791228430152347308, 
-0.23375171422958374, 0.21344387531280518, -0.016988740367983653, 1791228430183444098, 
0.4018954038619995, -0.04147911071777344, 0.01271067606858153, 1791228430213515388, 
0.2652705907821655, -0.15004217624664307, 0.003991193039137051, 1791228430242634484, 
-0.2715628743171692, 0.23207539319992065, 0.013510010622902156, 1791228430273702553, 
0.029213428497314453, -0.3029559850692749, -0.006290495733862284, 1791228430343866867, 
0.3578827977180481, 0.03436076641082764, -0.01904636208531375, 1791228430373904007, 
-0.4689795970916748, -0.03842693567276001, 0.02231369727461067, 1791228430434044560, 
0.18314260244369507, 0.39358842372894287, 0.00283511760680003, 1791228430464177937, 
0.18515360355377197, -0.029856741428375244, 0.016825098042532283, 1791228430496196752, 
0.7980113625526428, -0.17372524738311768, 0.002343642494630317, 1791228430524394302, 
-0.28999799489974976, -0.45826828479766846, -0.029938036264083045, 1791228430554556399, 
-0.09273076057434082, 0.008076131343841553, 0.02212404062538119, 1791228430584790014, 
-0.1821421980857849, -0.5514777302742004, 0.010311268504601524, 1791228430606405310, 
-0.4559991955757141, -0.6500808000564575, -0.02343211890961121, 1791228430644740437, 
0.30305016040802, -0.5277090072631836, 0.008038213539194814, 1791228430673651379, 
0.730485737323761, 0.48233139514923096, 0.012823728758248974, 1791228430704885463, 
-0.12498742341995239, -0.20785826444625854, 0.000683129394302872, 1791228430736703230, 
-0.6739421486854553, -0.001284778118133545, 0.028508590929787483, 1791228430767784272, 
0.27929115295410156, 0.46641814708709717, 0.01779843801219417, 1791228430804838930, 
-0.207722008228302, -0.10280007123947144, 0.010499156905731062, 1791228430835112715, 
0.15316516160964966, -0.20468419790267944, 0.045391173554114005, 1791228430865844560, 
0.08384013175964355, 0.062024831771850586, 0.033972131355016595, 1791228430896037589, 
0.551201581954956, -0.05526769161224365, 0.04733774251616554, 1791228430928798472, 
-0.3119955062866211, -0.07828330993652344, 0.06466491384439661, 1791228430955328975, 
0.009416580200195312, -0.27510762214660645, 0.05249340819103602, 1791228430985907059, 
-0.08423149585723877, 0.09500378370285034, 0.030158791921044273, 1791228431015747796, 
0.252784788608551, 0.6309647560119629, 0.02948243198189873, 1791228431045799417, 
0.5875825881958008, 0.13432884216308594, 0.036490958121740594, 1791228431075790394, 
-0.23978710174560547, 0.08638352155685425, 0.02637410882118599, 1791228431105879051, 
-0.18429476022720337, -0.05361670255661011, 0.010342613556666467, 1791228431136023138, 
-0.186229407787323, -0.6094005107879639, 0.029207484167409925, 1791228431168301542, 
-0.542596161365509, -0.11001282930374146, 0.054628399040984606, 1791228431195993384, 
-0.7216228246688843, 0.71098393201828, 0.052118191354194134, 1791228431225994486, 
-0.11154276132583618, -0.41945481300354004, 0.029533388663865026, 1791228431256011070, 
-0.0482635498046875, 0.034129321575164795, 0.0026653914444265386, 1791228431286035094, 
-0.24213510751724243, 0.4098387360572815, 0.013332650073981196, 1791228431316091118, 
-0.03638458251953125, -0.15853798389434814, 0.06370141971484618, 1791228431346084234, 
0.06990295648574829, 0.10342568159103394, 0.048446144223534354, 1791228431376134422, 
-0.7061677575111389, 0.035809099674224854, 0.027080121076420736, 1791228431408778897, 
-0.9094792008399963, -0.5251465439796448, 0.06220992179518584, 1791228431436304512, 
-0.2056449055671692, -0.00940406322479248, 0.05957578083853216, 1791228431466285169, 
-0.11959105730056763, -0.12135988473892212, 0.04009640483779158, 1791228431496326984, 
-0.20155978202819824, -0.001387476921081543, 0.06538589329844352, 1791228431525411165, 
0.783665120601654, 0.4733583927154541, 0.05308956603680025, 1791228431556532921, 
-0.3736969232559204, -0.1414128541946411, 0.017295903577251297, 1791228431586573404, 
-0.13197839260101318, -0.03338867425918579, 0.027971794909298894, 1791228431615674778, 
-0.0036701560020446777, 0.1869177222251892, -0.007484741767220629, 1791228431648237543, 
-0.30913877487182617, 0.017175614833831787, 0.008124173929867516, 1791228431679707779, 
-0.4026145935058594, -0.2129145860671997, 0.052300353125085075, 1791228431706893331, 
0.13150018453598022, 0.30827653408050537, 0.01946367527483404, 1791228431736891250, 
0.19239169359207153, -0.20533961057662964, 0.0031098639279650946, 1791228431766931594, 
0.19180381298065186, 0.04515117406845093, 0.03979734563148635, 1791228431796978617, 
0.5052816271781921, 0.34439343214035034, 0.03284115387427605, 1791228431827105865, 
-0.11393684148788452, -0.24493908882141113, 0.05041195571046371, 1791228431857203649, 
0.3507068157196045, 0.39187389612197876, 0.06443246033764861, 1791228431888332987, 
-0.016507744789123535, -0.1746068000793457, 0.05162813477143537, 1791228431920296567, 
0.11186408996582031, -0.465465247631073, 0.06606759816184227, 1791228431947369655, 
0.11092615127563477, 0.48065316677093506, 0.058148994691958035, 1791228431977389161, 
0.9353392124176025, -0.06727713346481323, 0.03715234051209996, 1791228432007476966, 
-0.34927767515182495, 0.2503567337989807, 0.032272256258792244, 1791228432037554479, 
0.2800750136375427, 0.24017751216888428, 0.03245234426667732, 1791228432067630176, 
-0.479139506816864, -0.9399885535240173, 0.03453111295923332, 1791228432097733564, 
-0.09738105535507202, 0.11595743894577026, 0.035447744809826744, 1791228432129037629, 
-0.1587352156639099, 0.47353899478912354, 0.021304995827739696, 1791228432160342543, 
0.19486629962921143, 0.340925395488739, 0.030391043534237376, 1791228432187887257, 
0.29875504970550537, -0.27725058794021606, 0.029571569843232875, 1791228432217989545, 
0.01402294635772705, 0.4649728536605835, 0.022193803948983987, 1791228432248036616, 
-0.43225473165512085, -0.13654732704162598, 0.050338265761652706, 1791228432278142401, 
-0.09888696670532227, -0.28396809101104736, 0.03784342490210913, 1791228432308226978, 
0.2012258768081665, 0.17035019397735596, 0.035373558380015824, 1791228432338383573, 
1.3743404150009155, 0.13047170639038086, 0.06348018146286384, 1791228432367549113, 
0.4587671160697937, 0.1406211256980896, 0.042114254353053715, 1791228432400562794, 
-0.44660264253616333, 0.687797486782074, 0.06053118288421909, 1791228432429944095, 
0.10136842727661133, -0.6343857645988464, 0.07584163460160206, 1791228432456673714, 
-0.543255627155304, 0.14851337671279907, 0.043664826323685596, 1791228432488599140, 
-0.412165105342865, -0.13589173555374146, 0.04228650353185533, 1791228432517638085, 
0.24164891242980957, -0.5999470949172974, 0.04600906462670094, 1791228432548730732, 
0.3420502543449402, 0.36934536695480347, 0.03723283184057767, 1791228432579065432, 
0.03568369150161743, -0.008349001407623291, 0.029203732326733903, 1791228432608837598, 
-0.12567347288131714, 0.7244557738304138, 0.03556288023133722, 1791228432641042277, 
-0.05344092845916748, -0.17410975694656372, 0.015208784747680183, 1791228432672177222, 
-0.8151718974113464, -0.3378426432609558, 0.019942059267321288, 1791228432699051834, 
-0.5657115578651428, 0.08160150051116943, 0.04119131228469612, 1791228432729090261, 
-0.20569151639938354, -0.24076157808303833, -0.008802471609779275, 1791228432759138108, 
-0.7025659680366516, -0.10968226194381714, -0.0070567069063187, 1791228432789272588, 
0.5029182434082031, 0.0939793586730957, 0.025832973017155307, 1791228432819264605, 
-0.31370770931243896, 0.2324032187461853, 0.05120147609199426, 1791228432849563502, 
0.005487322807312012, 0.23029524087905884, 0.05160587405860686, 1791228432881709628, 
-0.3624950051307678, 0.008898437023162842, 0.04506721800069728, 1791228432912174575, 
-0.3100648522377014, 0.23543351888656616, 0.07367235523604873, 1791228432939542830, 
-1.1034668684005737, -0.5184772610664368, 0.0498095674319602, 1791228432968664482, 
-2.014044761657715, 0.4075949788093567, 0.016521214541104057, 1791228432999702443, 
-0.9945021271705627, -0.22652781009674072, 0.015442166061249998, 1791228433029785069, 
-1.9645860195159912, -0.039581894874572754, 0.00466120135392459, 1791228433059854015, 
-1.3832544088363647, -0.07214862108230591, -0.005981755056138964, 1791228433090022655, 
-1.4239113330841064, -0.3780375123023987, -0.0017386281691356114, 1791228433119634492, 
-0.14418810606002808, 0.4953629970550537, 0.010419838113642459, 1791228433152594472, 
-0.4868055582046509, 0.09632903337478638, -8.516770590870488e-05, 1791228433180089805, 
-0.849397599697113, -0.48534882068634033, 0.017827109414704688, 1791228433210699510, 
0.018822431564331055, 0.34063780307769775, 0.00030909604929123117, 1791228433240770046, 
1.3398460149765015, -0.11292660236358643, -0.04035315997286642, 1791228433263400161, 
1.6068036556243896, 0.08020299673080444, -0.04070914058234054, 1791228433290995164, 
0.7021098136901855, -0.005978524684906006, -0.0065464605876665565, 1791228433320831998, 
1.0699286460876465, 0.04570978879928589, 0.007562287270695943, 1791228433350819281, 
0.6918114423751831, 0.12167072296142578, -0.005725967791832332, 1791228433380870446, 
0.5469417572021484, -0.029881954193115234, -0.009696397500524017, 1791228433411051994, 
-0.18851852416992188, -0.05481010675430298, -0.027249437527978218, 1791228433440952637, 
0.44462281465530396, -0.09416675567626953, -0.02040868979088683, 1791228433471711705, 
0.31126248836517334, 0.12090057134628296, 0.00543914414652886, 1791228433504467990, 
0.09375256299972534, 0.35558462142944336, 0.01733764993101981, 1791228433531181342, 
-0.5134772062301636, -0.15639162063598633, 0.01642053840675083, 1791228433561069613, 
0.14615046977996826, 0.002648472785949707, 0.030455998241641895, 1791228433591054440, 
-0.0031225085258483887, -0.019141674041748047, 0.03145551829419587, 1791228433621127675, 
0.8109868764877319, -0.4095216393470764, 0.02719777894147198, 1791228433651140502, 
-0.21357959508895874, 0.46407943964004517, 0.035446885728675256, 1791228433681263897, 
-0.2127065658569336, -0.23734891414642334, 0.038036298759822895, 1791228433712234754, 
-0.18087023496627808, -0.08964836597442627, 0.03733467159467096, 1791228433744287169, 
-0.3076936602592468, 0.16225725412368774, 0.044366527496135, 1791228433771622028, 
-0.9289247989654541, -0.2069110870361328, 0.029807006152342563, 1791228433801421374, 
0.04002559185028076, 0.2501934766769409, 0.022412725798583437, 1791228433831507683, 
-0.2514195442199707, -0.2867598533630371, 0.0007940417508104679, 1791228433861601672, 
-0.2673700451850891, -0.09831035137176514, 0.014815675888124607, 1791228433890675196, 
0.15217477083206177, 0.26340019702911377, 0.027435383299021426, 1791228433921883968, 
-0.2645034193992615, -0.09072160720825195, 0.028269765755852622, 1791228433952294309, 
-0.08463120460510254, -0.11445599794387817, 0.038670135759386326, 1791228433985186134, 
0.2586256265640259, 0.025839388370513916, 0.04931428950933353, 1791228434012022659, 
-0.30736106634140015, 0.09063506126403809, 0.042592345541572395, 1791228434042004773, 
0.2972487211227417, 0.26677125692367554, 0.051769367851316035, 1791228434072019555, 
-0.24222683906555176, -0.12924528121948242, 0.06293413738854924, 1791228434102128244, 
-0.1757737398147583, -0.07547193765640259, 0.0660194576869, 1791228434132200466, 
-0.031423985958099365, 0.18772315979003906, 0.05584139051878248, 1791228434162495100, 
0.024262189865112305, 0.034300029277801514, 0.055576703450100955, 1791228434192335648, 
-0.11131733655929565, 0.24717414379119873, 0.0490036934542568, 1791228434224265123, 
-0.38088786602020264, -0.11609488725662231, 0.050904144840196154, 1791228434252499582, 
-0.1322476863861084, -0.3582812547683716, 0.045712206650487044, 1791228434282730601, 
-0.18926048278808594, -0.6123389601707458, 0.021796341597502468, 1791228434312573310, 
-0.10582059621810913, 0.635778546333313, 0.01447869024203445, 1791228434342776315, 
-0.20449382066726685, 0.2638900876045227, 0.022295477452837515, 1791228434372778141, 
-0.0028537511825561523, 0.14453452825546265, 0.013084441900736227, 1791228434402853525, 
0.05291736125946045, -0.29398834705352783, 0.013282608855316088, 1791228434433228687, 
-0.3695405125617981, 0.14454180002212524, 0.03771581961737654, 1791228434464516581, 
0.35656899213790894, -0.31277620792388916, 0.020117843725943954, 1791228434496695347, 
-0.31964749097824097, -0.16502034664154053, 0.03587450281843327, 1791228434523117823, 
-0.3896322250366211, -0.004270017147064209, 0.0513963996900428, 1791228434553105523, 
0.33654266595840454, 0.04263824224472046, 0.02558014771254776, 1791228434583193408, 
-0.5761216282844543, 0.1750650405883789, 0.05059061643860683, 1791228434613250990, 
0.3669583797454834, 0.037040650844573975, 0.0712418047298522, 1791228434643329094, 
0.7928706407546997, 0.08470511436462402, 0.04401117781678585, 1791228434673353278, 
-0.14332449436187744, 0.25353240966796875, 0.06840116091478181, 1791228434704594195, 
-0.36391282081604004, -0.13886350393295288, 0.05585615763987949, 1791228434736244811, 
0.2881382703781128, -0.3626115322113037, 0.03041417998662575, 1791228434763611017, 
0.10895174741744995, -0.04543304443359375, 0.049526883491755214, 1791228434792667865, 
-0.40887451171875, -0.039125919342041016, 0.023447960474258817, 1791228434823751913, 
0.17536288499832153, 0.0868004560470581, 0.004819271787879186, 1791228434853789367, 
0.2882227897644043, 0.135539710521698, 0.02021001309225639, 1791228434883836577, 
0.3987734913825989, 0.5304602384567261, 0.03334354316824032, 1791228434913915749, 
0.5393825769424438, -0.38320493698120117, -0.006845557270117513, 1791228434944716912, 
-0.36260271072387695, 0.2615431547164917, 0.009404774640868393, 1791228434976271809, 
0.2904292345046997, -0.1861255168914795, 0.0186363448830772, 1791228435004222385, 
-0.11077749729156494, -0.19805407524108887, 0.0658615372219853, 1791228435034222645, 
0.32160264253616333, 0.10078436136245728, 0.0907476224901792, 1791228435064286356, 
-0.4789366126060486, -0.13578176498413086, 0.08326280361718133, 1791228435094333688, 
0.44954127073287964, 0.4290916323661804, 0.0855781475304124, 1791228435124573017, 
-0.0029147863388061523, -0.03679925203323364, 0.07748768267346454, 1791228435154463861, 
0.393196702003479, -0.16956180334091187, 0.09209405728312409, 1791228435184752696, 
-0.30536985397338867, 0.19373679161071777, 0.0897706767271043, 1791228435216585709, 
-0.2030179500579834, -0.4276553988456726, 0.08387566531343647, 1791228435247220871, 
-0.6429136991500854, -0.38807666301727295, 0.07162628129724972, 1791228435284776411, 
0.5001736879348755, -0.27181464433670044, 0.05019427645324011, 1791228435314832866, 
-0.052491843700408936, -0.13801521062850952, 0.04098690730082034, 1791228435345106025, 
-0.06763321161270142, 0.3139936923980713, 0.07068699683430507, 1791228435376310639, 
-0.20923840999603271, 0.4095672369003296, 0.037896610251357495, 1791228435408037773, 
0.22410225868225098, -0.0037690401077270508, 0.023703919462522663, 1791228435435105439, 
0.4066368341445923, -0.4115040898323059, 0.052250277691192094, 1791228435465925854, 
0.20621168613433838, 0.35400038957595825, 0.017861658178614376, 1791228435495958688, 
-0.3246658444404602, -0.24208617210388184, 0.03939555657252018, 1791228435525995763, 
0.1945481300354004, -0.2564122676849365, 0.08082602287631814, 1791228435556013206, 
-0.05865812301635742, 0.4606906771659851, 0.04850441665283064, 1791228435586042444, 
-0.3827056288719177, -0.33907192945480347, 0.031205810648568207, 1791228435616336134, 
0.025495707988739014, -0.0907239317893982, 0.058609340912740046, 1791228435648550469, 
0.26903706789016724, 0.2573889493942261, 0.03453228820379141, 1791228435676151382, 
-0.3418537974357605, -0.4862263798713684, 0.03263992961176239, 1791228435706287183, 
0.031033873558044434, -0.2817358374595642, 0.051575586609855104, 1791228435736229423, 
0.3474753499031067, 0.09076344966888428, 0.037372020233739776, 1791228435766052410, 
0.31046921014785767, 0.06515353918075562, 0.04967508489659355, 1791228435796187658, 
0.33971452713012695, 0.7856085896492004, 0.04903383780604639, 1791228435826206576, 
0.13373559713363647, -0.5104371905326843, 0.002591155132007525, 1791228435856511672, 
-0.07285064458847046, -0.11446017026901245, 0.014949639288260546, 1791228435889516617, 
-0.0029822587966918945, 0.37224137783050537, 0.013337404733619647, 1791228435916299542, 
-0.19112426042556763, -0.4764831066131592, -0.03413532056597612, 1791228435946255312, 
0.06522834300994873, -0.14944201707839966, 0.0014861909181317808, 1791228435976317151, 
0.6329597234725952, 0.028783202171325684, 0.004755265237365448, 1791228436006317634, 
0.4361785650253296, 0.09384417533874512, 0.0016946581991672393, 1791228436036374559, 
0.04218357801437378, 0.294079065322876, 0.03832859848717618, 1791228436065645530, 
0.12219637632369995, 0.16206705570220947, 0.03363536503331628, 1791228436096548681, 
-0.14995795488357544, -0.011335611343383789, 0.04126762352417028, 1791228436129091162, 
-0.45653825998306274, -0.14198023080825806, 0.06692694291236477, 1791228436156784482, 
-0.04000556468963623, 0.05024033784866333, 0.04998624447323763, 1791228436186857967, 
0.7541840076446533, -0.41148948669433594, 0.04632765171529909, 1791228436216793208, 
0.13436520099639893, 0.12337017059326172, 0.0185290842285214, 1791228436246848383, 
-0.0009274482727050781, 0.18489062786102295, 0.02725662691225093, 1791228436276921774, 
-0.4060349464416504, -0.2273482084274292, 0.04234651114690913, 1791228436307049457, 
-0.06280499696731567, 0.4930812120437622, 0.03700280726441612, 1791228436337106890, 
-0.37529438734054565, -0.6250678300857544, 0.007606073394126194, 1791228436368557383, 
0.32676196098327637, 0.005545496940612793, 0.026496469544088807, 1791228436400415192, 
0.24196374416351318, 0.5583001375198364, 0.010208087515209576, 1791228436427340931, 
-0.14612960815429688, -0.3886958956718445, 0.006175910680308875, 1791228436457346917, 
0.5981419086456299, 0.03129333257675171, 0.01930127025892079, 1791228436487413167, 
-0.172063410282135, 0.26938265562057495, 0.008867084748859904, 1791228436517443556, 
-0.9852235317230225, 0.04995989799499512, 0.07404443323719827, 1791228436547529980, 
-0.40222257375717163, -0.11403244733810425, 0.09220033902519094, 1791228436577684637, 
-0.3680022954940796, -0.06164282560348511, 0.027967445587353527, 1791228436608540179, 
0.01730668544769287, -0.22942090034484863, 0.05197843855004126, 1791228436640869909, 
-0.04615825414657593, 0.16883224248886108, 0.079711574680017, 1791228436667883607, 
-0.0776166319847107, -0.13311618566513062, 0.05713423055088259, 1791228436697852872, 
-1.1873356103897095, -0.06044352054595947, 0.0765036330924491, 1791228436727920566, 
0.37884414196014404, 0.37738579511642456, 0.05282461942580565, 1791228436758010440, 
-0.6653407216072083, 0.06544607877731323, 0.03315705106139718, 1791228436788070770, 
-0.4073318839073181, -0.28288596868515015, 0.05598805923617087, 1791228436818198850, 
-0.13880985975265503, -0.03480041027069092, 0.031072356637499673, 1791228436848608437, 
-0.39970821142196655, -0.5864303708076477, -0.006132314261666971, 1791228436880597261, 
0.01797044277191162, 0.11393892765045166, 0.020195344389311712, 1791228436910422721, 
-0.2254650592803955, -0.22937965393066406, 0.005750824290484494, 1791228436948391298, 
-0.5008667707443237, -0.22029262781143188, 0.014522838928019983, 1791228436978526804, 
0.15561801195144653, -0.1063113808631897, 0.02441406296185549, 1791228437008843378, 
-0.46187007427215576, -0.09188896417617798, 0.009790736188038638, 1791228437040623688, 
0.5468814969062805, -0.3002853989601135, 0.025223210021985576, 1791228437070530315, 
-0.250568151473999, 0.3722085952758789, 0.03959293993941981, 1791228437098813721, 
-0.658801257610321, 0.20252948999404907, 0.05106654706859903, 1791228437128836837, 
0.6524584293365479, -0.12611722946166992, 0.04338222021110625, 1791228437151828105, 
0.027263522148132324, 0.534111738204956, 0.07021988465130363, 1791228437189009751, 
-0.5732458829879761, 0.2176089882850647, 0.07574437264295679, 1791228437219060593, 
0.3756617307662964, -0.6269556879997253, 0.0658921720902947, 1791228437249173267, 
-0.5038108825683594, -0.10399430990219116, 0.05222885405744935, 1791228437280925827, 
-0.5554793477058411, 0.3167229890823364, 0.055606269067747315, 1791228437312504891, 
0.2518429160118103, -0.15471255779266357, 0.024920708628959877, 1791228437339434981, 
-0.19320017099380493, 0.10314774513244629, 0.0008857976644919222, 1791228437369342445, 
-0.13173991441726685, -0.3644542098045349, 0.02058762387201728, 1791228437399453178, 
0.45349812507629395, 0.3243221044540405, 0.04536753727805678, 1791228437429558865, 
-0.6545394659042358, -0.2850915193557739, 0.004479155594547461, 1791228437459559421, 
-0.5940954685211182, -0.12184637784957886, 0.027373283157888118, 1791228437489770339, 
0.3666640520095825, 0.27248531579971313, 0.03448986019174935, 1791228437520467432, 
-0.45688700675964355, 0.23012149333953857, 0.030988791965331827, 1791228437552481203, 
-0.22658973932266235, 0.2206243872642517, 0.06507312312928853, 1791228437579847246, 
0.14768129587173462, -0.5506531596183777, 0.027760335519137577, 1791228437609913360, 
0.19962185621261597, 0.141035258769989, 0.03523010971094477, 1791228437640027544, 
0.18683099746704102, 0.02018582820892334, 0.061371672275196056, 1791228437670081961, 
-0.07010197639465332, -0.37844163179397583, 0.06396862769915858, 1791228437700167008, 
-0.2797023057937622, 0.33466511964797974, 0.07302505861360391, 1791228437730208858, 
0.15921556949615479, 0.11239504814147949, 0.07989624312812013, 1791228437759642792, 
-0.06087303161621094, 0.01267462968826294, 0.05976643728504392, 1791228437793144557, 
0.11637169122695923, -0.18141156435012817, 0.05132307287736972, 1791228437820423153, 
0.7046512365341187, -0.3302234411239624, 0.03931126967033142, 1791228437851024273, 
0.8471845984458923, 0.3523954153060913, 0.0025190462017968497, 1791228437881086774, 
-0.0521925687789917, -0.2980683445930481, 0.0008932707849918689, 1791228437911055406, 
0.6222826838493347, 0.5690782070159912, 0.022701185299258214, 1791228437941092860, 
-0.030497372150421143, -0.1540846824645996, 0.01293899315873251, 1791228437971122021, 
-0.10989201068878174, 0.1322367787361145, 0.011270689002123002, 1791228438001188365, 
0.266430139541626, 0.01268690824508667, 0.030638519758174946, 1791228438032833478, 
0.152740478515625, 0.0987975001335144, 0.03389236486247009, 1791228438063622502, 
0.19024240970611572, 0.015255451202392578, 0.029336706955882343, 1791228438091294802, 
-0.4325264096260071, -0.5106514692306519, 0.05153279571789223, 1791228438121335977, 
-0.164575457572937, 0.24082273244857788, 0.05800360525311003, 1791228438151245698, 
-0.11304068565368652, 0.041004061698913574, 0.030136996199817738, 1791228438181358147, 
-0.19149094820022583, -0.23729580640792847, 0.04547506878516356, 1791228438210646526, 
0.2800449728965759, 0.39310169219970703, 0.049598141233319154, 1791228438241448365, 
0.37687212228775024, -0.2022106647491455, 0.05348705690799559, 1791228438272544332, 
-0.5202717185020447, 0.30064356327056885, 0.05550555177927321, 1791228438305133037, 
0.028534531593322754, -0.36353176832199097, 0.059647062225963735, 1791228438331574593, 
0.3299422860145569, -0.20494437217712402, 0.03905632852387606, 1791228438361535101, 
-0.11463308334350586, 0.1080736517906189, 0.03916881046213376, 1791228438391624213, 
-1.0352883338928223, -0.4709233045578003, 0.018766444496033884, 1791228438421714637, 
0.4242655038833618, 0.3543989062309265, 0.005764203033144769, 1791228438450773364, 
-0.07581603527069092, -0.14666277170181274, 0.008669974520272558, 1791228438481817343, 
-0.0932626724243164, 0.3807979226112366, 0.016454295076464853, 1791228438512459462, 
0.8055866956710815, -0.039050936698913574, 0.01547790206743725, 1791228438544496273, 
-0.01817101240158081, -0.0014404654502868652, 0.04204132772693736, 1791228438572062246, 
0.07399427890777588, 0.15734171867370605, 0.048939605593489185, 1791228438602125620, 
0.19838601350784302, -0.30161625146865845, 0.0683064910970213, 1791228438632149445, 
0.04959529638290405, 0.11287194490432739, 0.07742432805429338, 1791228438662259302, 
-0.37584179639816284, -0.06445610523223877, 0.06347178125144783, 1791228438692284060, 
0.016661405563354492, -0.18045800924301147, 0.04459329470514315, 1791228438722363601, 
0.21594643592834473, 0.269924521446228, 0.050313040661654054, 1791228438752889292, 
0.7250771522521973, 0.2286543846130371, 0.046345080872554074, 1791228438784458505, 
0.20823895931243896, 0.12823516130447388, 0.06437756935440993, 1791228438814544331, 
0.10818541049957275, -0.491946816444397, 0.032224322219697725, 1791228438841705043, 
-0.005083858966827393, 0.2637483477592468, 0.03182472364852276, 1791228438871862726, 
0.2734469175338745, 0.16594046354293823, 0.05999282489572313, 1791228438902835226, 
-0.04210925102233887, -0.26699477434158325, 0.03388200064243506, 1791228438933116214, 
0.4166683554649353, -0.026620686054229736, 0.023286587275103056, 1791228438962965960, 
-0.010898232460021973, 0.3968563675880432, 0.014789755714151897, 1791228438993046954, 
-0.052824437618255615, -0.020459115505218506, 0.0012122002361243402, 1791228439024719917, 
-0.003395259380340576, -0.5296217799186707, 0.017866778655430467, 1791228439055830924, 
0.07955914735794067, 0.22588831186294556, 0.05616436521958003, 1791228439083232424, 
0.14653730392456055, 0.15108543634414673, 0.035776240017961085, 1791228439113272660, 
0.10591244697570801, -0.04363560676574707, 0.0779257418067779, 1791228439143326249, 
0.6946560144424438, 0.16427409648895264, 0.09805111088137583, 1791228439173327459, 
0.20608758926391602, 0.2363716959953308, 0.05886539806841442, 1791228439203617981, 
-0.16707205772399902, 0.02831113338470459, 0.09310148020538642, 1791228439233519490, 
-0.04096508026123047, -0.41308528184890747, 0.09780545568500162, 1791228439264907795, 
-0.3168036937713623, -0.4345022439956665, 0.06207354615248026, 1791228439296837030, 
0.12072032690048218, 0.5113686919212341, 0.08995094402368231, 1791228439323874560, 
0.4733249545097351, 0.37018412351608276, 0.06443633041228816, 1791228439353792848, 
0.11199384927749634, 0.18165051937103271, 0.01881307995715642, 1791228439376968826, 
0.04131132364273071, -0.2233615517616272, 0.04277098285364014, 1791228439414119923, 
-0.22555851936340332, 0.24176025390625, 0.05113947231298488, 1791228439444173199, 
0.1349242925643921, -0.4256892204284668, 0.036580155542555406, 1791228439474047379, 
-0.6635683178901672, -0.12234127521514893, 0.03997570413745616, 1791228439504818990, 
0.23849302530288696, -0.20534098148345947, 0.01122505685478016, 1791228439564404456, 
-0.24091124534606934, 0.21870923042297363, 0.022157878518940372, 1791228439594385141, 
0.827322244644165, 0.290627658367157, 0.014198689133310167, 1791228439624426570, 
-0.11377674341201782, 0.17499393224716187, 0.05859306850496438, 1791228439654424371, 
-0.5252493619918823, -0.37366241216659546, 0.06882678286611384, 1791228439684483522, 
-0.06881475448608398, -0.12912744283676147, 0.03763859520613456, 1791228439714569494, 
0.22619128227233887, -0.2717505097389221, 0.058523545317249466, 1791228439745590052, 
0.25724202394485474, -0.4242597222328186, 0.04553208832885677, 1791228439777182765, 
-0.5360826253890991, 0.2590911388397217, 0.013355158621035874, 1791228439807099696, 
0.08018040657043457, 0.29601866006851196, 0.03445714396430154, 1791228439834967420, 
-0.07265585660934448, 0.08553779125213623, 0.01900801441488124, 1791228439863870515, 
-0.2551090121269226, 0.018413662910461426, 0.01039426277825456, 1791228439894930111, 
-0.3399165868759155, -0.6595345735549927, 0.02378340302170037, 1791228439925039237, 
-0.003073453903198242, 0.7188321948051453, 0.005534630852089659, 1791228439955117286, 
-0.012963414192199707, -0.2096744179725647, 0.020668877445184728, 1791228439985233856, 
-0.17439621686935425, -0.01993095874786377, 0.05170307159806564, 1791228440016514355, 
0.7396205067634583, -0.19469839334487915, 0.014819032171039742, 1791228440048371222, 
-0.4364164471626282, -0.13612473011016846, 0.00967100723710734, 1791228440075564658, 
0.07817184925079346, 0.19433921575546265, 0.050600184984154785, 1791228440105552567, 
-0.1997862458229065, 0.1515682339668274, 0.014553395522942972, 1791228440135476361, 
-0.037978291511535645, 0.13177144527435303, 0.04768080350273411, 1791228440165556079, 
-0.404194712638855, -0.2540123462677002, 0.0812867036300158, 1791228440194666065, 
0.10846203565597534, 0.27639180421829224, 0.07554823207258995, 1791228440225706312, 
0.23776167631149292, -0.08132028579711914, 0.08397769903403089, 1791228440256840376, 
0.3994104266166687, -0.3171866536140442, 0.09537228847517071, 1791228440289301362, 
0.3393201231956482, 0.28321075439453125, 0.08561729870929603, 1791228440316113747, 
0.329906702041626, -0.03718078136444092, 0.07029093309082875, 1791228440345977569, 
0.02477705478668213, 0.3976897597312927, 0.05220147631646131, 1791228440376040960, 
0.05146825313568115, -0.3505822420120239, 0.04514117349577786, 1791228440406077269, 
-0.3109232783317566, -0.6304649710655212, 0.05083100780535422, 1791228440436183234, 
0.5169543623924255, 0.5093817114830017, 0.03798663174757764, 1791228440466281157, 
0.25997620820999146, -0.5392050743103027, 0.01235401336528497, 1791228440495645651, 
0.4955199956893921, 0.33939146995544434, 0.023548371556116807, 1791228440528854229, 
0.11488980054855347, 0.2510121464729309, 0.025171063255040076, 1791228440556599525, 
-0.33767104148864746, -0.4956091046333313, 0.0430789878474439, 1791228440586681451, 
0.16712510585784912, 0.04871344566345215, 0.040313535830388436, 1791228440615672310, 
-0.024299025535583496, -0.20571821928024292, 0.02498042314591402, 1791228440646624723, 
0.9006391167640686, -0.07779037952423096, 0.048325689134972434, 1791228440676692111, 
0.09068882465362549, 0.30275511741638184, 0.03352098333555136, 1791228440706826368, 
-0.2138216495513916, 0.03346675634384155, 0.045531826407447386, 1791228440737055655, 
0.35645079612731934, 0.17859697341918945, 0.07308961143683083, 1791228440768064851, 
-0.19807493686676025, 0.18151450157165527, 0.0577134161877055, 1791228440798883619, 
-0.2619624137878418, -0.15963780879974365, 0.06054101031424829, 1791228440827082043, 
-0.5203302502632141, -0.4387596845626831, 0.0640462351276771, 1791228440848821513, 
0.04401057958602905, 0.30910366773605347, 0.05121373411547804, 1791228440879359524, 
-0.03055429458618164, -0.35293710231781006, 0.012468483199417901, 1791228440907353028, 
-0.7759984731674194, -0.13387000560760498, 0.032433533481691854, 1791228440937306189, 
0.82504802942276, 0.31970280408859253, 0.028463002130598672, 1791228440967344665, 
-0.4431076645851135, -0.5929393768310547, -0.0039114440122246415, 1791228440997369312, 
-0.07196331024169922, 0.2757975459098816, 0.014891235451462455, 1791228441027717789, 
0.36173635721206665, 0.05004262924194336, 0.02211937839824523, 1791228441057545951, 
0.06626993417739868, 0.31208235025405884, 0.02357514344937, 1791228441088990622, 
-0.3301754593849182, -0.05819660425186157, 0.04294936953162064, 1791228441121091492, 
0.3957752585411072, -0.05908060073852539, 0.06046277633288541, 1791228441147803053, 
0.18887263536453247, 0.08825010061264038, 0.044876193294940026, 1791228441177806384, 
0.529435396194458, -0.25882333517074585, 0.06257532635408186, 1791228441207822328, 
0.534629762172699, -0.23482024669647217, 0.05147016643542149, 1791228441236904342, 
-0.19673579931259155, -0.04342043399810791, 0.04520506772359767, 1791228441267955065, 
0.09464561939239502, 0.14099723100662231, 0.07137315004423685, 1791228441298099235, 
-0.14442753791809082, 0.10277724266052246, 0.07562191976275079, 1791228441328875632, 
