x, y, th, stamp, 
2.9462273120880127, -0.8714169263839722, -2.115371790071695, 1791228424259646607, 
2.9462273120880127, -0.8714169263839722, -2.115372002233636, 1791228424309726646, 
2.9462273120880127, -0.8714169263839722, -2.115371995365842, 1791228424349668763, 
2.9462273120880127, -0.8714169263839722, -2.1153717337013207, 1791228424400654351, 
2.9462273120880127, -0.8714169263839722, -2.1153717337013207, 1791228424449641017, 
2.9462273120880127, -0.8714169263839722, -2.1153717337013207, 1791228424499670480, 
2.9462273120880127, -0.8714169263839722, -2.1153717337013207, 1791228424561528178, 
2.9462273120880127, -0.8714169263839722, -2.1153717337013207, 1791228424590481383, 
2.9462273120880127, -0.8714169263839722, -2.1153717337013207, 1791228424641536777, 
2.9462273120880127, -0.8714169263839722, -2.1153717337013207, 1791228424709665099, 
2.9462273120880127, -0.8714169263839722, -2.1153717337013207, 1791228424749641300, 
2.9462273120880127, -0.8714169263839722, -2.1153717337013207, 1791228424801685538, 
2.9462273120880127, -0.8714169263839722, -2.1153717337013207, 1791228424849644816, 
2.9462273120880127, -0.8714169263839722, -2.1153717337013207, 1791228424899654825, 
2.9462273120880127, -0.8714169263839722, -2.1153717337013207, 1791228424960552274, 
2.9462273120880127, -0.8714169263839722, -2.1153717337013207, 1791228425010245671, 
2.9462273120880127, -0.8714169263839722, -2.1153717337013207, 1791228425060152321, 
2.9462273120880127, -0.8714169263839722, -2.1153717337013207, 1791228425110748941, 
2.9462273120880127, -0.8714169263839722, -2.1153717337013207, 1791228425149742282, 
2.9462273120880127, -0.8714169263839722, -2.1153717337013207, 1791228425199653317, 
2.9462273120880127, -0.8714169263839722, -2.1153717337013207, 1791228425249913472, 
2.9462273120880127, -0.8714169263839722, -2.1153717337013207, 1791228425299772068, 
2.9462273120880127, -0.8714169263839722, -2.1153717337013207, 1791228425359672884, 
2.9462273120880127, -0.8714169263839722, -2.1153717337013207, 1791228425390691498, 
2.9462273120880127, -0.8714169263839722, -2.1153717337013207, 1791228425459812126, 
2.9462273120880127, -0.8714169263839722, -2.1153717337013207, 1791228425509753686, 
2.9462273120880127, -0.8714169263839722, -2.1153717337013207, 1791228425551281248, 
2.9462273120880127, -0.8714169263839722, -2.1153717337013207, 1791228425599780323, 
2.9462273120880127, -0.8714169263839722, -2.1153717337013207, 1791228425650204083, 
2.9462273120880127, -0.8714169263839722, -2.1153717337013207, 1791228425700044689, 
2.9462273120880127, -0.8714169263839722, -2.1153717337013207, 1791228425759711344, 
2.9462273120880127, -0.8714169263839722, -2.1153717337013207, 1791228425792023500, 
2.9462273120880127, -0.8714169263839722, -2.1153717337013207, 1791228425859852377, 
2.9462273120880127, -0.8714169263839722, -2.1153717337013207, 1791228425910815378, 
2.9462273120880127, -0.8714169263839722, -2.1153717337013207, 1791228425950981519, 
2.9462273120880127, -0.8714169263839722, -2.1153717337013207, 1791228425999712674, 
2.9462273120880127, -0.8714169263839722, -2.1153717337013207, 1791228426050169071, 
2.9462273120880127, -0.8714169263839722, -2.1153717337013207, 1791228426099690004, 
2.9462273120880127, -0.8714169263839722, -2.1153717337013207, 1791228426151094197, 
2.9462273120880127, -0.8714169263839722, -2.1153717337013207, 1791228426209822756, 
2.9462273120880127, -0.8714169263839722, -2.1153717337013207, 1791228426260565036, 
2.946213722229004, -0.8714204430580139, -2.1153717337013207, 1791228426310671667, 
2.9458835124969482, -0.8719403147697449, -2.1164302648247855, 1791228426349678448, 
2.945056438446045, -0.8731849193572998, -2.1201447426063433, 1791228426399669368, 
2.9443461894989014, -0.8744891285896301, -2.1183893931748585, 1791228426449644664, 
2.943829298019409, -0.8758257031440735, -2.1183893931748585, 1791228426499729084, 
2.9429965019226074, -0.8769964575767517, -2.1160799687954293, 1791228426551348780, 
2.9423537254333496, -0.8780312538146973, -2.115917207305612, 1791228426590838632, 
2.9409351348876953, -0.8805226683616638, -2.115210229481434, 1791228426659999218, 
2.9396796226501465, -0.8823109269142151, -2.1161489713241326, 1791228426711688246, 
2.938544511795044, -0.8841713070869446, -2.1161489713241326, 1791228426749676282, 
2.93729567527771, -0.8867005109786987, -2.1161871124803224, 1791228426799673999, 
2.9356608390808105, -0.8894444704055786, -2.1161871124803224, 1791228426849657695, 
2.93371844291687, -0.8921669125556946, -2.1149277625833545, 1791228426899689321, 
2.9317727088928223, -0.8956005573272705, -2.1171828021374877, 1791228426959667117, 
2.9298954010009766, -0.8990280628204346, -2.1171235585014467, 1791228427009860250, 
2.927518606185913, -0.9024296998977661, -2.1162105394833635, 1791228427060935880, 
2.925661563873291, -0.9055491089820862, -2.1161122130236083, 1791228427105688149, 
2.9235172271728516, -0.908627450466156, -2.1161122130236083, 1791228427149679754, 
2.921144962310791, -0.9124082922935486, -2.1165274788741186, 1791228427200929732, 
2.9187633991241455, -0.9166066646575928, -2.1165274788741186, 1791228427249762429, 
2.916003704071045, -0.9207279682159424, -2.1165618687850176, 1791228427302094808, 
2.913694381713867, -0.9247063994407654, -2.1179237620868796, 1791228427347328722, 
2.9098472595214844, -0.9305803179740906, -2.1179237620841036, 1791228427410278029, 
2.9069623947143555, -0.9355586171150208, -2.1182473413600023, 1791228427460662621, 
2.9039649963378906, -0.9401577711105347, -2.117292353929948, 1791228427506672776, 
2.901061534881592, -0.9449951648712158, -2.117292353929948, 1791228427549683219, 
2.8976833820343018, -0.9501892924308777, -2.1176208525102522, 1791228427599675297, 
2.8941428661346436, -0.9558827877044678, -2.119051455591171, 1791228427649649268, 
2.89084529876709, -0.9613604545593262, -2.120264022866603, 1791228427697734230, 
2.886969566345215, -0.96754390001297, -2.1198867616134853, 1791228427748005844, 
2.8820860385894775, -0.9756908416748047, -2.1203990602127187, 1791228427809681277, 
2.878237724304199, -0.9819340705871582, -2.1207488462267805, 1791228427857983867, 
2.8742756843566895, -0.9886844754219055, -2.121375957061147, 1791228427907675180, 
2.8706746101379395, -0.9947382211685181, -2.1212735754438397, 1791228427949686395, 
2.8663907051086426, -1.001509428024292, -2.120459554495173, 1791228427999683451, 
2.8617022037506104, -1.0088462829589844, -2.1207297984848177, 1791228428050650155, 
2.857178211212158, -1.0162172317504883, -2.121525691755665, 1791228428098661670, 
2.852466344833374, -1.0238687992095947, -2.121406101212994, 1791228428149307745, 
2.8483824729919434, -1.0304441452026367, -2.120732649898342, 1791228428190812603, 
2.8415679931640625, -1.0415762662887573, -2.1205391313205175, 1791228428259159099, 
2.83646559715271, -1.0498883724212646, -2.120758993889054, 1791228428308990109, 
2.832064390182495, -1.0571324825286865, -2.120545315203258, 1791228428351680135, 
2.826411247253418, -1.0658981800079346, -2.120355081250801, 1791228428401717563, 
2.820810317993164, -1.0748450756072998, -2.1207500215104824, 1791228428452681808, 
2.8153724670410156, -1.0836564302444458, -2.120692599592986, 1791228428499739417, 
2.809455633163452, -1.0929770469665527, -2.1202158240570466, 1791228428549920080, 
2.8046741485595703, -1.1008448600769043, -2.120188179081618, 1791228428590822749, 
2.79836106300354, -1.1109615564346313, -2.1207431348245023, 1791228428641663666, 
2.7896509170532227, -1.1253676414489746, -2.120297892233317, 1791228428709674843, 
2.7839622497558594, -1.134203553199768, -2.1202364752273244, 1791228428750688344, 
2.777322292327881, -1.14508855342865, -2.1214731422134636, 1791228428800645803, 
2.770488739013672, -1.1559805870056152, -2.1208958414604844, 1791228428850678678, 
2.7633605003356934, -1.1673951148986816, -2.120988890582628, 1791228428899756249, 
2.756291627883911, -1.179120421409607, -2.122155380397001, 1791228428950906631, 
2.7505710124969482, -1.1884169578552246, -2.121003223958636, 1791228428990947084, 
2.740177869796753, -1.2052499055862427, -2.1208910040192244, 1791228429060116584, 
2.732764959335327, -1.2174772024154663, -2.1196152413494227, 1791228429109682683, 
2.726637125015259, -1.227480173110962, -2.118473147665627, 1791228429150650782, 
2.7190489768981934, -1.240139365196228, -2.118439641633982, 1791228429201694450, 
2.7111833095550537, -1.2531461715698242, -2.1170966806462044, 1791228429249652779, 
2.703037738800049, -1.266249656677246, -2.1162570145450728, 1791228429299760430, 
2.6933391094207764, -1.2824194431304932, -2.1161502992609993, 1791228429362052418, 
2.688314437866211, -1.2906179428100586, -2.1154226217028342, 1791228429391367794, 
2.676608085632324, -1.3099251985549927, -2.117039192536749, 1791228429459801468, 
2.667931079864502, -1.3242403268814087, -2.116776597292578, 1791228429510841501, 
2.661008834838867, -1.3353742361068726, -2.1174348697805754, 1791228429550651784, 
2.6523547172546387, -1.3498796224594116, -2.119458132941714, 1791228429599985947, 
2.6433417797088623, -1.3641356229782104, -2.1192829790549923, 1791228429649930762, 
2.634575128555298, -1.3789284229278564, -2.1197255385816893, 1791228429700668589, 
2.6233785152435303, -1.3969849348068237, -2.1197255385816893, 1791228429760249145, 
2.6178805828094482, -1.4061634540557861, -2.119225344173648, 1791228429790718297, 
2.6043195724487305, -1.4279885292053223, -2.1179554828812117, 1791228429860046936, 
2.5947422981262207, -1.4434237480163574, -2.1179170180152775, 1791228429910672033, 
2.586787700653076, -1.4559770822525024, -2.1178011264429473, 1791228429950824226, 
2.5770368576049805, -1.472243309020996, -2.1178011264429473, 1791228429999716809, 
2.5668299198150635, -1.4888107776641846, -2.117401623496365, 1791228430049884696, 
2.55692982673645, -1.505265712738037, -2.117401623496365, 1791228430101099123, 
2.5465381145477295, -1.5220493078231812, -2.117909818200247, 1791228430151529774, 
2.538529634475708, -1.535743236541748, -2.1190321846438405, 1791228430191033392, 
2.5239224433898926, -1.559837818145752, -2.118478902095861, 1791228430260955884, 
2.513558864593506, -1.577025055885315, -2.1175408238339473, 1791228430311288090, 
2.504923105239868, -1.5908359289169312, -2.1179272613601277, 1791228430352621553, 
2.4933111667633057, -1.6098767518997192, -2.117306645141792, 1791228430404297651, 
2.483745574951172, -1.6253035068511963, -2.117306645141792, 1791228430446758652, 
2.4728457927703857, -1.6432170867919922, -2.116218133152631, 1791228430495707926, 
2.460587501525879, -1.6632057428359985, -2.116753610416114, 1791228430550833431, 
2.451542615890503, -1.6778209209442139, -2.1162756910019067, 1791228430591363917, 
2.436572790145874, -1.7022473812103271, -2.1168561879687453, 1791228430657114371, 
2.4250223636627197, -1.7206283807754517, -2.1166115426913668, 1791228430706951157, 
2.414196252822876, -1.7387925386428833, -2.115655460182109, 1791228430754926282, 
2.4027259349823, -1.7574583292007446, -2.1146684062945966, 1791228430804941939, 
2.3931450843811035, -1.7733820676803589, -2.1137798008859985, 1791228430847130947, 
2.381058931350708, -1.7934695482254028, -2.111690368487985, 1791228430901303648, 
2.3693339824676514, -1.8125206232070923, -2.108832275205181, 1791228430952555195, 
2.356950521469116, -1.8333141803741455, -2.1067227634006365, 1791228431005846631, 
2.345513343811035, -1.8524531126022339, -2.1052626576574975, 1791228431055703182, 
2.334052085876465, -1.8713455200195312, -2.1034927551633245, 1791228431105695013, 
2.323012590408325, -1.8904579877853394, -2.1025381157315524, 1791228431155692058, 
2.3115594387054443, -1.9097365140914917, -2.1000670985502965, 1791228431205679876, 
2.302731990814209, -1.924972414970398, -2.0987170879843804, 1791228431245655133, 
2.291592597961426, -1.9438451528549194, -2.098118481662389, 1791228431295690735, 
2.280592918395996, -1.9630690813064575, -2.0958126332339444, 1791228431346431369, 
2.2693002223968506, -1.9824060201644897, -2.093815801591947, 1791228431395905925, 
2.256042242050171, -2.005187749862671, -2.090488421966221, 1791228431455635971, 
2.244839668273926, -2.02465558052063, -2.088271671861612, 1791228431505763531, 
2.2336771488189697, -2.0440480709075928, -2.085208793017494, 1791228431555683842, 
2.2226665019989014, -2.063335657119751, -2.0840771797842024, 1791228431605697861, 
2.2138867378234863, -2.078817844390869, -2.084007326495628, 1791228431645661456, 
2.2019996643066406, -2.100090980529785, -2.082729976363369, 1791228431700681228, 
2.188861608505249, -2.12333083152771, -2.0818327762998274, 1791228431761230097, 
2.182589530944824, -2.1348767280578613, -2.081193513880894, 1791228431790879618, 
2.167428493499756, -2.161712646484375, -2.0777969351524574, 1791228431861910055, 
2.1574580669403076, -2.1795289516448975, -2.074941939996835, 1791228431906700251, 
2.1480600833892822, -2.196693181991577, -2.0729031398639832, 1791228431950691602, 
2.137115240097046, -2.2159430980682373, -2.0699285767266793, 1791228432000686403, 
2.1264050006866455, -2.235360860824585, -2.0683772643719904, 1791228432050684697, 
2.115736961364746, -2.2548956871032715, -2.0666733215150463, 1791228432101669902, 
2.10284686088562, -2.2784550189971924, -2.0652097920181967, 1791228432161432741, 
2.096688985824585, -2.2901265621185303, -2.0643678929463323, 1791228432190892713, 
2.081730365753174, -2.3174450397491455, -2.061972942608891, 1791228432261692697, 
2.072065591812134, -2.3355295658111572, -2.0599284857083924, 1791228432307693787, 
2.063398599624634, -2.352241277694702, -2.058537401426592, 1791228432350747507, 
2.052952527999878, -2.371565818786621, -2.0560684257186983, 1791228432400696528, 
2.042630195617676, -2.3913090229034424, -2.052244245695664, 1791228432450704429, 
2.032820701599121, -2.4098737239837646, -2.050163844223952, 1791228432497702236, 
2.022308826446533, -2.429720401763916, -2.047765002292396, 1791228432549610527, 
2.0138697624206543, -2.44645357131958, -2.046321427700859, 1791228432590970135, 
1.9998779296875, -2.473496437072754, -2.0442676898237306, 1791228432658682128, 
1.9896947145462036, -2.4937427043914795, -2.0432720596179603, 1791228432708684548, 
1.9812681674957275, -2.509974956512451, -2.0424850826246628, 1791228432750692470, 
1.971264123916626, -2.529933214187622, -2.042876179729792, 1791228432800699773, 
1.9610846042633057, -2.549794912338257, -2.040351462031226, 1791228432851658647, 
1.9515154361724854, -2.568572759628296, -2.0380443444308187, 1791228432898669129, 
1.9419420957565308, -2.5876212120056152, -2.0348615113120525, 1791228432949563315, 
1.93409264087677, -2.6027884483337402, -2.033843565252466, 1791228432991695758, 
1.9240230321884155, -2.622818946838379, -2.032931885783556, 1791228433060470882, 
1.9180599451065063, -2.634815216064453, -2.0331329025835196, 1791228433109825570, 
1.9138010740280151, -2.643249273300171, -2.0329670275622567, 1791228433151684834, 
1.9092961549758911, -2.652588367462158, -2.0327257019868035, 1791228433201223856, 
1.9044504165649414, -2.661635637283325, -2.032658055454722, 1791228433251039691, 
1.8989737033843994, -2.67273211479187, -2.034444585665453, 1791228433301353599, 
1.8920128345489502, -2.686602830886841, -2.034263248460215, 1791228433350773752, 
1.8857083320617676, -2.69929838180542, -2.034436756610058, 1791228433390783970, 
1.8728783130645752, -2.724320888519287, -2.0361255381541525, 1791228433460810848, 
1.863252878189087, -2.743626117706299, -2.0359078145971337, 1791228433510688780, 
1.8553966283798218, -2.7592601776123047, -2.035406542488742, 1791228433550686075, 
1.8454337120056152, -2.7790005207061768, -2.0337829547143955, 1791228433600698793, 
1.8355604410171509, -2.7984554767608643, -2.032363309952431, 1791228433650674955, 
1.8256069421768188, -2.8185694217681885, -2.030588132277109, 1791228433700739475, 
1.8157795667648315, -2.8384594917297363, -2.0285616606085117, 1791228433750760433, 
1.807917833328247, -2.8546364307403564, -2.027453554565121, 1791228433791090185, 
1.7941954135894775, -2.88230299949646, -2.026142197875867, 1791228433861441202, 
1.7844631671905518, -2.9021542072296143, -2.0257081198435873, 1791228433910798922, 
1.7765427827835083, -2.918254852294922, -2.0244188804981063, 1791228433950657921, 
1.7668671607971191, -2.93819522857666, -2.022293469071051, 1791228434001658284, 
1.757097601890564, -2.9583005905151367, -2.019703324747366, 1791228434050711775, 
1.7475966215133667, -2.9780256748199463, -2.016783600493561, 1791228434100761227, 
1.736005425453186, -3.0022506713867188, -2.013687023250704, 1791228434161055257, 
1.7302533388137817, -3.0142037868499756, -2.0119547690637143, 1791228434191069311, 
1.7168655395507812, -3.042564868927002, -2.009208673793094, 1791228434260670063, 
1.7071125507354736, -3.062636375427246, -2.006667268849573, 1791228434310673271, 
1.6994434595108032, -3.078953504562378, -2.0061153603349253, 1791228434350686828, 
1.6900237798690796, -3.0987894535064697, -2.0052517788744284, 1791228434400731984, 
1.6807807683944702, -3.118858814239502, -2.0047271793612857, 1791228434450710090, 
1.671310305595398, -3.1387460231781006, -2.0023919034454947, 1791228434500895268, 
1.6619642972946167, -3.1590049266815186, -2.0012278542500694, 1791228434550913119, 
1.654609203338623, -3.1751275062561035, -1.9993874375417695, 1791228434591481874, 
1.6415157318115234, -3.2032651901245117, -1.9949399261395593, 1791228434660747787, 
1.6322685480117798, -3.2235827445983887, -1.9916722626846743, 1791228434710844679, 
1.6251007318496704, -3.239466905593872, -1.9899142041990883, 1791228434751946820, 
1.6156269311904907, -3.259953737258911, -1.9881028839587866, 1791228434801247650, 
1.6065826416015625, -3.2801146507263184, -1.9873596105134488, 1791228434851409986, 
1.5975360870361328, -3.300651788711548, -1.9868686897332675, 1791228434900770369, 
1.588639497756958, -3.3206241130828857, -1.9859231945410396, 1791228434951506110, 
1.581351637840271, -3.3366878032684326, -1.985413763696279, 1791228434992556596, 
1.5687226057052612, -3.3653252124786377, -1.9807357960535266, 1791228435061103668, 
1.5599803924560547, -3.3856966495513916, -1.9764523145605668, 1791228435111276008, 
1.5528172254562378, -3.4021573066711426, -1.9732037241975091, 1791228435152278854, 
1.5440819263458252, -3.4227256774902344, -1.9696245686055578, 1791228435200758232, 
1.5350970029830933, -3.443363666534424, -1.96444967919521, 1791228435250835444, 
1.5264075994491577, -3.4639713764190674, -1.961268833993691, 1791228435300747324, 
1.5186102390289307, -3.482748508453369, -1.9591555182616804, 1791228435348536418, 
1.5102416276931763, -3.5028820037841797, -1.9562524910893362, 1791228435395542797, 
1.5004243850708008, -3.52819561958313, -1.9543062084581015, 1791228435455903597, 
1.4919639825820923, -3.5484962463378906, -1.953285708418696, 1791228435506708360, 
1.4835726022720337, -3.568995714187622, -1.9495975701603352, 1791228435555697349, 
1.4753539562225342, -3.589587926864624, -1.947721714178193, 1791228435605699020, 
1.4689385890960693, -3.605984687805176, -1.945914373158186, 1791228435645727745, 
1.4607772827148438, -3.626525402069092, -1.9441551006615796, 1791228435695679145, 
1.4489800930023193, -3.6556334495544434, -1.9407109704680017, 1791228435766454438, 
1.4441568851470947, -3.6682446002960205, -1.9392058389674844, 1791228435796040829, 
1.4344987869262695, -3.6929128170013428, -1.937685330433882, 1791228435855922263, 
1.426216959953308, -3.7138237953186035, -1.9369999691732889, 1791228435905707989, 
1.4182413816452026, -3.7346787452697754, -1.9379380475874777, 1791228435955702040, 
1.4101511240005493, -3.7551591396331787, -1.9376301586064846, 1791228436005692239, 
1.4038832187652588, -3.7715911865234375, -1.937577534121445, 1791228436045667615, 
1.395781397819519, -3.7923121452331543, -1.9357597729833156, 1791228436095678754, 
1.387883186340332, -3.8130226135253906, -1.9330318935636126, 1791228436147507137, 
1.3798190355300903, -3.8338000774383545, -1.9303080180291308, 1791228436196231537, 
1.3695464134216309, -3.8606889247894287, -1.9289885166692906, 1791228436261590045, 
1.362272024154663, -3.8799397945404053, -1.9266656961725803, 1791228436306716249, 
1.3556311130523682, -3.8983285427093506, -1.9257465235611428, 1791228436350703113, 
1.3478364944458008, -3.919008493423462, -1.9247357811120698, 1791228436400697681, 
1.3401992321014404, -3.9397900104522705, -1.9247357811120698, 1791228436450813683, 
1.332359790802002, -3.960634469985962, -1.9234889587028388, 1791228436500696397, 
1.3253055810928345, -3.9799251556396484, -1.9209187316439853, 1791228436546976216, 
1.3186088800430298, -3.997957706451416, -1.9181488941853917, 1791228436591141542, 
1.3112772703170776, -4.018446445465088, -1.9163076630897595, 1791228436640824100, 
1.3009661436080933, -4.046481609344482, -1.9110335923786554, 1791228436707694209, 
1.2946833372116089, -4.0639567375183105, -1.9081355799860424, 1791228436750697087, 
1.2872347831726074, -4.084936141967773, -1.9068486477256308, 1791228436800688184, 
1.2797675132751465, -4.10606050491333, -1.9047091828447071, 1791228436850667371, 
1.2729997634887695, -4.1257243156433105, -1.904141340923177, 1791228436897730145, 
1.2656735181808472, -4.146573066711426, -1.9036027285805448, 1791228436948316691, 
1.2596455812454224, -4.164434909820557, -1.9028390713345549, 1791228436991052180, 
1.2498136758804321, -4.192619800567627, -1.90171663416214, 1791228437057682987, 
1.242230772972107, -4.214181900024414, -1.899781309990894, 1791228437108711066, 
1.2362821102142334, -4.231453895568848, -1.8976107915999272, 1791228437150764132, 
1.2289634943008423, -4.252495765686035, -1.8941867736357112, 1791228437200705845, 
1.2219574451446533, -4.27340841293335, -1.8906608501787692, 1791228437251667442, 
1.2151353359222412, -4.293717384338379, -1.8880116900122108, 1791228437298734251, 
1.2082122564315796, -4.314596176147461, -1.8868004034862405, 1791228437349363768, 
1.2026045322418213, -4.332722187042236, -1.8867035061771538, 1791228437391487334, 
1.1930314302444458, -4.361495018005371, -1.8846033615641054, 1791228437459095536, 
1.1861597299575806, -4.3826398849487305, -1.8830624981979966, 1791228437509715662, 
1.1804115772247314, -4.400254726409912, -1.8821361428956598, 1791228437550714523, 
1.1735352277755737, -4.421151638031006, -1.8795233386023542, 1791228437601682152, 
1.1668039560317993, -4.442327976226807, -1.8771957053487216, 1791228437652709959, 
1.1603341102600098, -4.462496280670166, -1.874258371593695, 1791228437699684680, 
1.152105450630188, -4.488742351531982, -1.8694943576765704, 1791228437763396693, 
1.148302435874939, -4.501051425933838, -1.8682604669287028, 1791228437790814424, 
1.1416654586791992, -4.522197723388672, -1.8658255866678024, 1791228437841684671, 
1.1328437328338623, -4.551643371582031, -1.8649962811062044, 1791228437910822683, 
1.1276729106903076, -4.568625450134277, -1.8643174528832434, 1791228437950705321, 
1.1212564706802368, -4.589935302734375, -1.8636798531514074, 1791228438001671155, 
1.114823818206787, -4.611047267913818, -1.8617298273929102, 1791228438050679755, 
1.1086572408676147, -4.631775856018066, -1.8603010005382334, 1791228438100712797, 
1.1022707223892212, -4.652888774871826, -1.8574614473025761, 1791228438150776562, 
1.0972826480865479, -4.669747829437256, -1.8565601289598523, 1791228438191180453, 
1.088774561882019, -4.699401378631592, -1.8526908561086983, 1791228438260952836, 
1.0825870037078857, -4.720686912536621, -1.8497290924529397, 1791228438310760684, 
1.0777342319488525, -4.737609386444092, -1.848210250449367, 1791228438350790672, 
1.0716577768325806, -4.75932502746582, -1.846105354675399, 1791228438401714047, 
1.0655770301818848, -4.780208110809326, -1.8455836071301492, 1791228438450697262, 
1.059515357017517, -4.801629066467285, -1.8453396610113046, 1791228438500718513, 
1.0535470247268677, -4.822987079620361, -1.8439921122679797, 1791228438551016379, 
1.048814296722412, -4.839975833892822, -1.8426781006292827, 1791228438590920773, 
1.0402754545211792, -4.8696746826171875, -1.8373539003221617, 1791228438661581503, 
1.0345367193222046, -4.89091682434082, -1.8345423321071235, 1791228438710826463, 
1.0299454927444458, -4.9079718589782715, -1.8330428401047272, 1791228438750676029, 
1.0242578983306885, -4.929234027862549, -1.8303961322981, 1791228438800680500, 
1.0185073614120483, -4.950475215911865, -1.8285152579360089, 1791228438850731385, 
1.013043761253357, -4.972003936767578, -1.8255868516472051, 1791228438900914699, 
1.0063908100128174, -4.997742652893066, -1.8240084641289176, 1791228438961053259, 
1.0031055212020874, -5.01047420501709, -1.8236232206728962, 1791228438990992834, 
0.9955555200576782, -5.04045295715332, -1.8222443384975002, 1791228439061498958, 
0.9900276064872742, -5.061805248260498, -1.8209188545201689, 1791228439110832808, 
0.9856404066085815, -5.0790886878967285, -1.8168638635553784, 1791228439151415698, 
0.9802334308624268, -5.10038948059082, -1.8131156327159805, 1791228439201169744, 
0.9749524593353271, -5.122002124786377, -1.8082696835303609, 1791228439250960016, 
0.9697726964950562, -5.143432140350342, -1.80460412887269, 1791228439301230386, 
0.9646486639976501, -5.16469669342041, -1.8021712703307535, 1791228439351499728, 
0.9586601257324219, -5.190596580505371, -1.7997907281249068, 1791228439411193357, 
0.9536617994308472, -5.212095260620117, -1.796645356527718, 1791228439461118703, 
0.9486219882965088, -5.2339558601379395, -1.794739232117968, 1791228439511565027, 
0.944895327091217, -5.250715732574463, -1.7941056805262428, 1791228439553659689, 
0.9397169351577759, -5.272199630737305, -1.7934984325342143, 1791228439601258944, 
0.9348776936531067, -5.293822288513184, -1.7909813293318435, 1791228439651201221, 
0.9298786520957947, -5.315502643585205, -1.7880124318072383, 1791228439701479610, 
0.9241894483566284, -5.341125965118408, -1.7851622380792946, 1791228439760930113, 
0.9211480617523193, -5.354140281677246, -1.7842690128310859, 1791228439791925598, 
0.9145142436027527, -5.384443759918213, -1.783075220944158, 1791228439861446545, 
0.9099323153495789, -5.406107425689697, -1.7816522538943735, 1791228439911793572, 
0.9061397910118103, -5.423209190368652, -1.7812883168344344, 1791228439950760064, 
0.9016053080558777, -5.444996356964111, -1.7800759326339974, 1791228440000927415, 
0.8969467878341675, -5.466641902923584, -1.7788044248238077, 1791228440050860495, 
0.892350435256958, -5.488134384155273, -1.7768792040588792, 1791228440101111846, 
0.8871092796325684, -5.514122009277344, -1.7755649486907057, 1791228440161040704, 
0.8844125866889954, -5.527196407318115, -1.7736455397950401, 1791228440190823339, 
0.8780087828636169, -5.557521820068359, -1.7668795292671176, 1791228440261542564, 
0.8737779855728149, -5.57885217666626, -1.7624399390218737, 1791228440310971824, 
0.8703846335411072, -5.596088409423828, -1.7603227563968988, 1791228440350704809, 
0.8662897944450378, -5.617737293243408, -1.7577505177891428, 1791228440400710441, 
0.8621515035629272, -5.639612197875977, -1.754941009567558, 1791228440450676245, 
0.8583229780197144, -5.661157131195068, -1.7539944108472243, 1791228440500849857, 
0.854315459728241, -5.682957649230957, -1.7533501960673725, 1791228440551846019, 
0.8510774970054626, -5.700416564941406, -1.7515651059591841, 1791228440590700517, 
0.8454975485801697, -5.731092929840088, -1.7494298646237867, 1791228440661588194, 
0.8412878513336182, -5.752929210662842, -1.7466193381810593, 1791228440711766440, 
0.8384794592857361, -5.77030611038208, -1.745226301971826, 1791228440750717529, 
0.8344295620918274, -5.79205322265625, -1.7412134235633483, 1791228440800681917, 
0.8306595683097839, -5.813601970672607, -1.7381635980626489, 1791228440850677362, 
0.82698655128479, -5.8352952003479, -1.7365381508149387, 1791228440900688570, 
0.8235960602760315, -5.855249404907227, -1.7350424332736996, 1791228440947575800, 
0.8203161358833313, -5.874626636505127, -1.734710064012353, 1791228440991053843, 
0.8154354095458984, -5.904792308807373, -1.7335594138408843, 1791228441061690734, 
0.8121510148048401, -5.92542028427124, -1.7320306191362922, 1791228441107833512, 
0.8089675307273865, -5.944205284118652, -1.7297700375572242, 1791228441150712160, 
0.8055905699729919, -5.966052532196045, -1.7278422195101981, 1791228441200702004, 
0.8020791411399841, -5.9878716468811035, -1.724732859572072, 1791228441250707881, 
0.7986714243888855, -6.009593486785889, -1.7214260445411207, 1791228441301835983, 
